{
  "event_001": 0.00261688232421875,
  "event_002": 0.3830047607421875,
  "event_003": 0.5372314453125,
  "event_004": 0.15673828125
}